id,start(ms),duration(ms),warps,t-occupancy,sms,size,pinned,cudaMalloc,cudaFree,direction
0,0,0.029023,0,0,0,262148,1,0,0,1
1,0.389,1.198938,0,0,0,4456516,0,0,0,1
2,1.593,0.141887,32768,1.0,15,0,0,0,0,0
3,1.751,0.02816,0,0,0,262144,1,0,0,2
4,1.972,0.001184,0,0,0,68,0,0,0,1
5,2.299,1.156762,0,0,0,4456516,0,0,0,1
6,3.805,1.106138,0,0,0,4456516,0,0,0,1
7,4.917,0.345055,32768,1.0,15,0,0,0,0,0
8,5.266,0.028639,0,0,0,262148,1,0,0,2
9,5.434,1.43628,0,0,0,4456516,0,0,0,2
