id,start(ms),duration(ms),warps,t-occupancy,sms,size,pinned,cudaMalloc,cudaFree,direction
0,0,0.004448,0,0,0,4654080,1,0,0,0
1,0.007,0.048576,7272,1,15,0,0,0,0,0
2,0.059,0.638204,7272,0.438,15,0,0,0,0,0
3,0.7,0.07488,7272,1,15,0,0,0,0,0
4,0.778,0.633916,7272,0.438,15,0,0,0,0,0
5,1.415,0.074623,7272,1,15,0,0,0,0,0
6,1.493,0.632444,7272,0.438,15,0,0,0,0,0
7,2.129,0.074432,7272,1,15,0,0,0,0,0
