id,start(ms),duration(ms),warps,t-occupancy,sms,size,pinned,cudaMalloc,cudaFree,direction
0,0,0.004832,0,0,0,4654080,1,0,0,0
1,0.008,0.047104,7272,1,15,0,0,0,0,0
2,0.058,0.636381,7272,0.438,15,0,0,0,0,0
3,0.698,0.075359,7272,1,15,0,0,0,0,0
4,0.777,0.633533,7272,0.438,15,0,0,0,0,0
5,1.448,0.075007,7272,1,15,0,0,0,0,0
6,1.554,0.631805,7272,0.438,15,0,0,0,0,0
7,2.189,0.074847,7272,1,15,0,0,0,0,0
