id,start(ms),duration(ms),warps,t-occupancy,sms,size,pinned,cudaMalloc,cudaFree,direction
0,0,0.004832,0,0,0,4654080,1,0,0,1
1,0.008,0.048543,7272,0.938,15,0,0,0,0,0
2,0.06,0.704988,7272,0.375,15,0,0,0,0,0
3,0.708,0.07504,7272,0.938,15,0,0,0,0,0
4,0.786,0.704156,7272,0.375,15,0,0,0,0,0
5,1.43,0.074559,7272,0.938,15,0,0,0,0,0
6,1.507,0.704012,7272,0.375,15,0,0,0,0,0
7,2.149,0.074816,7272,0.938,15,0,0,0,0,0
8,2.228,1.206745,0,0,0,4654080,0,0,0,2
