id,start(ms),duration(ms),warps,t-occupancy,sms,size,pinned,cudaMalloc,cudaFree,direction
0,0,0.026336,0,0,0,225008,1,0,0,1
1,0.447,0.117984,0,0,0,1097600,1,0,0,1
2,0.682,0.030304,0,0,0,274400,1,0,0,1
3,1.11,0.125823,0,0,0,1097600,1,0,0,1
4,1.241,31.619674,1372,0.375,12,0,0,0,0,0
5,32.931,0.11776,0,0,0,1097600,1,0,0,2
