id,start(ms),duration(ms),warps,t-occupancy,sms,size,pinned,cudaMalloc,cudaFree,direction
0,0,1.385912,0,0,0,5231,0,0,0,1
1,1800.0,41.669238,0,0,0,138412,0,0,0,0
2,44100.0,41.668373,0,0,0,138412,0,0,0,0
3,2281500.0,77.771435,0,0,0,255000,0,0,0,1
4,2359900.0,2.748048,0,0,0,10000,0,0,0,1
5,2363200.0,2.859056,0,0,0,10000,0,0,0,1
6,2370500.0,6.894521,0,0,0,1620000,1,0,0,0
7,2377400.0,1185.729,78128,1,15,0,0,0,0,0
8,3563200.0,726.999592,0,0,0,1620000,0,0,0,2
