id,start(ms),duration(ms),warps,t-occupancy,sms,size,pinned,cudaMalloc,cudaFree,direction
0,0,0.001216,0,0,0,216000,0,0,0,1
1,1.162,0.00448,0,0,0,19656000,0,0,0,1
2,1.562,0.001504,0,0,0,1944000,0,0,0,1
3,1.59,14.657292,1,0.188,1,0,0,0,0,0
4,16.254,0.002784,0,0,0,216000,0,0,0,2
5,16.281,0.004511,0,0,0,19656000,0,0,0,2
