id,start(ms),duration(ms),warps,t-occupancy,sms,size,input
0,0,1.493804,0,0,0,5376000,0
1,1.502,0.437732,672,0.25,14,0,201600000
2,1.989,0.003168,0,0,0,14336,0
3,1.996,0.048929,8960,1,14,0,537600
4,2.048,0.049536,33600,1,15,0,0
5,2.101,0.069281,224,0.375,10,0,9139200
6,2.189,0.003168,0,0,0,14336,0
7,2.211,0.006208,896,1,7,0,30464
8,2.228,0.024032,0,0,0,243712,0
