id,start(ms),duration(ms),warps,t-occupancy,sms,size,pinned,cudaMalloc,cudaFree,direction
0,0,0.002656,0,0,0,8000000,0,0,0,1
1,13.12,0.002464,0,0,0,8000000,0,0,0,1
2,26.048,0.002464,0,0,0,8000000,0,0,0,1
3,38.912,0.002464,0,0,0,8000000,0,0,0,1
4,51.551,0.002432,0,0,0,8000000,0,0,0,1
5,63.935,0.002464,0,0,0,8000000,0,0,0,1
6,83.615,0.317919,32,1,1,0,0,0,0,0
7,417.47,0.003296,0,0,0,8000000,0,0,0,2
8,437.342,0.003264,0,0,0,8000000,0,0,0,2
