id,start(ms),duration(ms),warps,t-occupancy,sms,size,pinned,cudaMalloc,cudaFree,direction
0,0,0.413983,0,0,0,4000000,1,0,0,1
1,0.48,39.955425,0,0,0,396000000,1,0,0,1
2,40.527,0.997661,37040,1.0,15,0,0,0,0,0
3,41.527,0.997182,37040,1.0,15,0,0,0,0,0
4,42.528,1.008829,37040,1.0,15,0,0,0,0,0
5,43.539,1.009374,37040,1.0,15,0,0,0,0,0
6,44.551,0.938782,37040,1.0,15,0,0,0,0,0
7,45.502,1.064829,0,0,0,4000000,0,0,0,2
