id,start(ms),duration(ms),warps,t-occupancy,sms,size,pinned,cudaMalloc,cudaFree,direction
0,0,0.405758,0,0,0,4000000,1,0,0,1
1,0.423,39.590923,0,0,0,396000000,1,0,0,1
2,40.054,0.986267,37040,1,15,0,0,0,0,0
3,41.043,0.987002,37040,1,15,0,0,0,0,0
4,42.033,0.987515,37040,1,15,0,0,0,0,0
5,43.024,0.987643,37040,1,15,0,0,0,0,0
6,44.014,0.928443,37040,1,15,0,0,0,0,0
7,44.947,0.893307,0,0,0,4000000,0,0,0,2
