id,start(ms),duration(ms),warps,t-occupancy,sms,size,pinned,cudaMalloc,cudaFree,direction
0,0,0.383166,0,0,0,4000000,1,0,0,1
1,0.397,39.295819,0,0,0,396000000,1,0,0,1
2,39.72,0.988218,37040,1,15,0,0,0,0,0
3,40.711,0.98873,37040,1,15,0,0,0,0,0
4,41.703,0.988122,37040,1,15,0,0,0,0,0
5,42.694,0.989049,37040,1,15,0,0,0,0,0
6,43.686,0.928411,37040,1,15,0,0,0,0,0
7,44.619,0.836762,0,0,0,4000000,0,0,0,2
