id,start(ms),duration(ms),warps,t-occupancy,sms,size,input
0,0,1.169961,0,0,0,4300800,0
1,1.179,0.371459,672,0.25,14,0,161280000
2,1.572,0.003168,0,0,0,14336,0
3,1.595,0.049377,8960,1,14,0,537600
4,1.648,0.049344,33600,1,15,0,0
5,1.701,0.116257,448,0.375,10,0,24192000
6,1.836,0.003168,0,0,0,14336,0
7,1.861,0.01136,1792,1,14,0,80640
8,1.878,0.058464,0,0,0,645120,0
