id,start(ms),duration(ms),warps,t-occupancy,sms,size,pinned,cudaMalloc,cudaFree,direction
0,0,0.951132,500000,1,15,0,0,0,0,0
1,954.492,4.857483,500000,1,15,0,0,0,0,0
2,5815.111,0.053056,992,1,8,0,0,0,0,0
3,5871.175,0.019136,16,1,1,0,0,0,0,0
4,5894.951,0.002656,0,0,0,4,0,0,0,2
5,5915.495,0.002624,0,0,0,4,0,0,0,2
6,5946.854,2.851988,500000,1,15,0,0,0,0,0
7,8802.266,2.308822,500000,1,15,0,0,0,0,0
