id,start(ms),duration(ms),warps,t-occupancy,sms,size,pinned,cudaMalloc,cudaFree,direction
0,0,0.952188,500000,1,15,0,0,0,0,0
1,0.956,4.851693,500000,1,15,0,0,0,0,0
2,5.812,0.053184,992,1,8,0,0,0,0,0
3,5.868,0.018656,16,1,1,0,0,0,0,0
4,5.891,0.002592,0,0,0,4,0,0,0,2
5,5.911,0.002624,0,0,0,4,0,0,0,2
6,5.945,2.869364,500000,1,15,0,0,0,0,0
7,8.863,2.308695,500000,1,15,0,0,0,0,0
