id,duration(ms),warps,t-occupancy,sms,size,input
0,0.002676,0,0,0,5376000,0
1,0.000439,672,0.25,14,0,201600000
2,3e-06,0,0,0,14336,0
3,4.9e-05,8960,1,14,0,537600
4,4.9e-05,33600,1,15,0,0
5,6.9e-05,224,0.375,10,0,9139200
6,3e-06,0,0,0,14336,0
7,6e-06,896,1,7,0,30464
8,2.4e-05,0,0,0,243712,0
