id,duration(ms),warps,t-occupancy,sms,size,input
0,0.001723,0,0,0,4300800,0
1,0.000371,672,0.25,14,0,161280000
2,3e-06,0,0,0,14336,0
3,4.9e-05,8960,1,14,0,537600
4,5e-05,33600,1,15,0,0
5,0.000124,448,0.375,10,0,24192000
6,3e-06,0,0,0,14336,0
7,1.1e-05,1792,1,14,0,80640
8,5.8e-05,0,0,0,645120,0
